{
  "bathin baru::2022": {
    "rainfall_mm": 10.186210333538623,
    "temperature_celsius": 17.559060677654692,
    "relative_humidity_percent": 88.85678914157313,
    "soil_moisture_percent": 41.51327019957103,
    "wind_speed_10m": 0.5146951052741052,
    "dtr_celsius": 7.440520654965753,
    "vpd_kpa": 0.22691323043814293,
    "net_solar_rad_kwh_m2": 3.9070553276909723,
    "rainfall_mm_Q1": 8.087135205696683,
    "temperature_celsius_Q1": 17.45999485298442,
    "relative_humidity_percent_Q1": 88.52225942762155,
    "soil_moisture_percent_Q1": 41.400310375072344,
    "wind_speed_10m_Q1": 0.3735180693219406,
    "dtr_celsius_Q1": 7.682877773708768,
    "vpd_kpa_Q1": 0.23084679703141092,
    "net_solar_rad_kwh_m2_Q1": 4.161243740067847,
    "rainfall_mm_Q2": 9.277514748265041,
    "temperature_celsius_Q2": 17.966056037036513,
    "relative_humidity_percent_Q2": 88.42827683737723,
    "soil_moisture_percent_Q2": 41.374576834095265,
    "wind_speed_10m_Q2": 0.5201258864091927,
    "dtr_celsius_Q2": 7.634404779790522,
    "vpd_kpa_Q2": 0.2410668336848376,
    "net_solar_rad_kwh_m2_Q2": 4.127818150183151,
    "rainfall_mm_Q3": 8.032233068761663,
    "temperature_celsius_Q3": 17.696961574278042,
    "relative_humidity_percent_Q3": 85.91441900449095,
    "soil_moisture_percent_Q3": 40.49850546795388,
    "wind_speed_10m_Q3": 0.6538659288101498,
    "dtr_celsius_Q3": 8.088029778521994,
    "vpd_kpa_Q3": 0.28833401702699607,
    "net_solar_rad_kwh_m2_Q3": 4.294772680498944,
    "rainfall_mm_Q4": 15.292449117507653,
    "temperature_celsius_Q4": 17.11550050403763,
    "relative_humidity_percent_Q4": 92.55027116927995,
    "soil_moisture_percent_Q4": 42.77572493622268,
    "wind_speed_10m_Q4": 0.5082605007859069,
    "dtr_celsius_Q4": 6.364146356997282,
    "vpd_kpa_Q4": 0.14764462984012314,
    "net_solar_rad_kwh_m2_Q4": 3.052312170962273,
    "temperature_celsius_x_vpd_kpa": 3.984383181825993,
    "temperature_celsius_x_soil_moisture_percent": 728.934030362142,
    "temperature_celsius_x_dtr_celsius": 130.6485536538867,
    "temperature_celsius_x_rainfall_mm": 178.86028532195792,
    "vpd_kpa_x_soil_moisture_percent": 9.419910247036153,
    "vpd_kpa_x_dtr_celsius": 1.6883525779600062,
    "vpd_kpa_x_rainfall_mm": 2.3113858927056423,
    "soil_moisture_percent_x_dtr_celsius": 308.88034437508253,
    "soil_moisture_percent_x_rainfall_mm": 422.86290188585144,
    "dtr_celsius_x_rainfall_mm": 75.79070838251972,
    "prev_yield_kg_ha": 738.2
  },
  "bathin baru::2023": {
    "rainfall_mm": 7.962003721006379,
    "temperature_celsius": 17.9466846744764,
    "relative_humidity_percent": 88.15630453825426,
    "soil_moisture_percent": 41.2888109738424,
    "wind_speed_10m": 0.4515584258207719,
    "dtr_celsius": 7.530645292099208,
    "vpd_kpa": 0.24612953320996475,
    "net_solar_rad_kwh_m2": 4.084322234863095,
    "rainfall_mm_Q1": 6.970607852777909,
    "temperature_celsius_Q1": 17.203803111888764,
    "relative_humidity_percent_Q1": 88.20638447355475,
    "soil_moisture_percent_Q1": 41.47258405332212,
    "wind_speed_10m_Q1": 0.40488108575539933,
    "dtr_celsius_Q1": 7.593910556369358,
    "vpd_kpa_Q1": 0.23257551197200416,
    "net_solar_rad_kwh_m2_Q1": 4.242294713028519,
    "rainfall_mm_Q2": 5.785503344004496,
    "temperature_celsius_Q2": 18.40967592931058,
    "relative_humidity_percent_Q2": 85.19278853265888,
    "soil_moisture_percent_Q2": 39.76476061475146,
    "wind_speed_10m_Q2": 0.48750906858120274,
    "dtr_celsius_Q2": 8.233232602968322,
    "vpd_kpa_Q2": 0.31587177776679737,
    "net_solar_rad_kwh_m2_Q2": 4.6232649511599515,
    "rainfall_mm_Q3": 7.512902863313457,
    "temperature_celsius_Q3": 18.193006258425527,
    "relative_humidity_percent_Q3": 86.7467500192965,
    "soil_moisture_percent_Q3": 41.17238556129344,
    "wind_speed_10m_Q3": 0.5488431730431705,
    "dtr_celsius_Q3": 7.902502972146739,
    "vpd_kpa_Q3": 0.279847080939287,
    "net_solar_rad_kwh_m2_Q3": 4.183847281099033,
    "rainfall_mm_Q4": 11.533791127044239,
    "temperature_celsius_Q4": 17.96913631273355,
    "relative_humidity_percent_Q4": 92.44817169125699,
    "soil_moisture_percent_Q4": 42.73294296817503,
    "wind_speed_10m_Q4": 0.36437641897537676,
    "dtr_celsius_Q4": 6.401947187340778,
    "vpd_kpa_Q4": 0.15668717740178043,
    "net_solar_rad_kwh_m2_Q4": 3.2971742514760476,
    "temperature_celsius_x_vpd_kpa": 4.417209121595305,
    "temperature_celsius_x_soil_moisture_percent": 740.9972711316105,
    "temperature_celsius_x_dtr_celsius": 135.1501164526347,
    "temperature_celsius_x_rainfall_mm": 142.89157015790926,
    "vpd_kpa_x_soil_moisture_percent": 10.1623957717863,
    "vpd_kpa_x_dtr_celsius": 1.8535142105141966,
    "vpd_kpa_x_rainfall_mm": 1.9596842592673025,
    "soil_moisture_percent_x_dtr_celsius": 310.9313899765404,
    "soil_moisture_percent_x_rainfall_mm": 328.7416666096622,
    "dtr_celsius_x_rainfall_mm": 59.95902583727306,
    "prev_yield_kg_ha": 738.2
  },
  "delung tue::2024": {
    "rainfall_mm": 8.238897735452094,
    "temperature_celsius": 18.833500950086087,
    "relative_humidity_percent": 88.206861796689,
    "soil_moisture_percent": 46.52279527220008,
    "wind_speed_10m": 0.5132354540725108,
    "dtr_celsius": 7.459071747244221,
    "vpd_kpa": 0.2605617951370173,
    "net_solar_rad_kwh_m2": 3.998229411589682,
    "rainfall_mm_Q1": 5.02789855150315,
    "temperature_celsius_Q1": 18.895764853229476,
    "relative_humidity_percent_Q1": 86.53777608252341,
    "soil_moisture_percent_Q1": 45.7476577479324,
    "wind_speed_10m_Q1": 0.4852210574626068,
    "dtr_celsius_Q1": 7.729498223944025,
    "vpd_kpa_Q1": 0.2962795572344232,
    "net_solar_rad_kwh_m2_Q1": 4.3951921345506975,
    "rainfall_mm_Q2": 6.87300228371977,
    "temperature_celsius_Q2": 19.489123839773125,
    "relative_humidity_percent_Q2": 87.9238157486883,
    "soil_moisture_percent_Q2": 46.7526586064489,
    "wind_speed_10m_Q2": 0.4252484799625915,
    "dtr_celsius_Q2": 7.575545593932435,
    "vpd_kpa_Q2": 0.27630756305387955,
    "net_solar_rad_kwh_m2_Q2": 4.140442875457875,
    "rainfall_mm_Q3": 7.381261757290457,
    "temperature_celsius_Q3": 18.74449507257215,
    "relative_humidity_percent_Q3": 87.11483317738156,
    "soil_moisture_percent_Q3": 46.15434287250906,
    "wind_speed_10m_Q3": 0.6934741713776456,
    "dtr_celsius_Q3": 7.784414208453635,
    "vpd_kpa_Q3": 0.2835764588217949,
    "net_solar_rad_kwh_m2_Q3": 4.088727864312067,
    "rainfall_mm_Q4": 13.68285292048359,
    "temperature_celsius_Q4": 18.205598121335676,
    "relative_humidity_percent_Q4": 91.26302249266058,
    "soil_moisture_percent_Q4": 47.440570789379066,
    "wind_speed_10m_Q4": 0.44701746224208844,
    "dtr_celsius_Q4": 6.743253770765367,
    "vpd_kpa_Q4": 0.18583069304583125,
    "net_solar_rad_kwh_m2_Q4": 3.3675602835466347,
    "temperature_celsius_x_vpd_kpa": 4.907290816269152,
    "temperature_celsius_x_soil_moisture_percent": 876.1871089596407,
    "temperature_celsius_x_dtr_celsius": 140.4804348384843,
    "temperature_celsius_x_rainfall_mm": 155.16728832829912,
    "vpd_kpa_x_soil_moisture_percent": 12.122063050916395,
    "vpd_kpa_x_dtr_celsius": 1.9435491245177625,
    "vpd_kpa_x_rainfall_mm": 2.1467419838997044,
    "soil_moisture_percent_x_dtr_celsius": 347.0168678176946,
    "soil_moisture_percent_x_rainfall_mm": 383.2965526150306,
    "dtr_celsius_x_rainfall_mm": 61.45452932694511
  },
  "bale atu::2024": {
    "rainfall_mm": 7.9662700094589765,
    "temperature_celsius": 19.61347852036291,
    "relative_humidity_percent": 88.30787244149596,
    "soil_moisture_percent": 38.407900387838005,
    "wind_speed_10m": 0.6113248621685999,
    "dtr_celsius": 7.465860988669199,
    "vpd_kpa": 0.2718238526055366,
    "net_solar_rad_kwh_m2": 3.9274811254405195,
    "rainfall_mm_Q1": 4.909188041479803,
    "temperature_celsius_Q1": 19.69448924082105,
    "relative_humidity_percent_Q1": 86.66843775531781,
    "soil_moisture_percent_Q1": 36.86878008720202,
    "wind_speed_10m_Q1": 0.5690545676787948,